/*
SQLyog Ultimate v12.09 (64 bit)
MySQL - 5.5.56-MariaDB : Database - miracle
*********************************************************************
*/

/*!40101 SET NAMES utf8 */;

/*!40101 SET SQL_MODE=''*/;

/*!40014 SET @OLD_UNIQUE_CHECKS=@@UNIQUE_CHECKS, UNIQUE_CHECKS=0 */;
/*!40014 SET @OLD_FOREIGN_KEY_CHECKS=@@FOREIGN_KEY_CHECKS, FOREIGN_KEY_CHECKS=0 */;
/*!40101 SET @OLD_SQL_MODE=@@SQL_MODE, SQL_MODE='NO_AUTO_VALUE_ON_ZERO' */;
/*!40111 SET @OLD_SQL_NOTES=@@SQL_NOTES, SQL_NOTES=0 */;
CREATE DATABASE /*!32312 IF NOT EXISTS*/`miracle` /*!40100 DEFAULT CHARACTER SET utf8 */;

/*Table structure for table `actors` */

DROP TABLE IF EXISTS `actors`;

CREATE TABLE `actors` (
  `actor_id` int(10) unsigned NOT NULL AUTO_INCREMENT,
  `actor` varchar(20) COLLATE utf8_unicode_ci NOT NULL,
  `num` int(11) NOT NULL,
  PRIMARY KEY (`actor_id`)
) ENGINE=InnoDB AUTO_INCREMENT=114 DEFAULT CHARSET=utf8 COLLATE=utf8_unicode_ci;

/*Data for the table `actors` */

insert  into `actors`(`actor_id`,`actor`,`num`) values (1,'尼古拉·科斯特-瓦尔道',1),(2,'乔·博恩瑟',1),(3,'蕾克·贝尔',1),(4,'Ariadna Gil',1),(5,'杨幂',1),(6,'霍建华',1),(7,'廖凡',1),(8,'宋佳',1),(9,'蒋雯丽',1),(10,'许玮甯',1),(11,'柯佳嬿',1),(12,'孙伊涵',1),(13,'宋宁',1),(14,'周楚楚',1),(15,'查理·汉纳姆',1),(16,'裘德·洛',1),(17,'神木隆之介',1),(18,'上白石萌音',1),(19,'乔什·哈奈特',1),(20,'米契尔·哈思曼',1),(21,'黄渤',2),(22,'徐静蕾',1),(23,'王泊文',1),(24,'迈克尔·凯恩',1),(25,'摩根·弗里曼',1),(26,'艾伦·阿金',1),(27,'布鲁斯·威利斯',1),(28,'海登·克里斯滕森',1),(29,'曾志伟',1),(30,'余文乐',1),(31,'方皓玟',1),(32,'玄彬',1),(33,'柳海真',1),(34,'陳怡安',1),(35,'李宓',1),(36,'高强',1),(37,'于月仙',1),(38,'林文龙',1),(39,'林熹瞳',1),(40,'斯嘉丽·约翰逊',1),(41,'皮鲁·埃斯贝克',1),(42,'北野武',1),(43,'范·迪塞尔',1),(44,'道恩·强森',1),(45,'查理兹·塞隆',1),(46,'杰森·斯坦森',1),(47,'黄磊',1),(48,'海清',1),(49,'王迅',1),(50,'汤姆·希德勒斯顿',1),(51,'布丽·拉尔森',1),(52,'塞缪尔·杰克逊',1),(53,'景甜',1),(54,'戴克·蒙哥马利',1),(55,'娜奥米·斯科特',1),(56,'杰克·吉伦哈尔',1),(57,'丽贝卡·弗格森',1),(58,'邓超',1),(59,'彭于晏',1),(60,'赵丽颖',1),(61,'基努·里维斯',1),(62,'里卡多·斯卡马里奥 ',1),(63,'休·杰克曼',1),(64,'帕特里克·斯图尔特',1),(65,'达芙妮·金',1),(66,'入野自由 ',1),(67,'早见沙织',1),(68,'艾玛·沃森',1),(69,'丹·史蒂文斯',1),(70,'卢克·伊万斯',1),(71,'范伟',1),(72,'贾静雯',1),(73,'刘俊昊',1),(74,'吴亦凡',1),(75,'林更新',1),(76,'姚晨',1),(77,'成龙',1),(78,'李治廷',1),(79,'张艺兴',1),(80,'布丽特·罗伯森',1),(81,'丹尼斯·奎德',1),(82,'佩吉·利普顿',1),(83,'本·阿弗莱克',1),(84,'亨利·卡维尔',1),(85,'艾米·亚当斯',1),(86,'沙哈布·侯赛尼',1),(87,'塔兰涅·阿里多斯蒂',1),(88,'王宝强',1),(89,'白客',1),(90,'岳云鹏',1),(91,'柳岩',1),(92,'卢卡斯·提尔',1),(93,'简·拉维',1),(94,'费莉西蒂·琼斯',1),(95,'迭戈·鲁纳',1),(96,'甄子丹',1),(97,'梁朝伟',1),(98,'金城武',1),(99,'陈奕迅',1),(100,'迈克尔·法斯宾德',1),(101,'玛丽昂·歌迪亚',1),(102,'杰瑞米·艾恩斯',1),(103,'詹妮弗·劳伦斯',1),(104,'克里斯·普拉特',1),(105,'麦克·辛',1),(106,'本尼迪克特·康伯巴奇',1),(107,'蒂尔达·斯文顿',1),(108,'麦斯·米科尔森',1),(109,'矢岛晶子',1),(110,'楢桥美纪',1),(111,'刘易斯·麦克杜格尔',1),(112,'西格妮·韦弗',1),(113,'菲丽希缇·琼斯',1);

/*Table structure for table `articles` */

DROP TABLE IF EXISTS `articles`;

CREATE TABLE `articles` (
  `id` int(10) unsigned NOT NULL AUTO_INCREMENT,
  `created_at` timestamp NOT NULL DEFAULT '0000-00-00 00:00:00',
  `updated_at` timestamp NOT NULL DEFAULT '0000-00-00 00:00:00',
  PRIMARY KEY (`id`)
) ENGINE=InnoDB DEFAULT CHARSET=utf8 COLLATE=utf8_unicode_ci;

/*Data for the table `articles` */

/*Table structure for table `cats` */

DROP TABLE IF EXISTS `cats`;

CREATE TABLE `cats` (
  `cat_id` int(10) unsigned NOT NULL AUTO_INCREMENT,
  `cat_name` varchar(255) COLLATE utf8_unicode_ci NOT NULL,
  `num` int(11) NOT NULL,
  PRIMARY KEY (`cat_id`)
) ENGINE=InnoDB DEFAULT CHARSET=utf8 COLLATE=utf8_unicode_ci;

/*Data for the table `cats` */

/*Table structure for table `countrys` */

DROP TABLE IF EXISTS `countrys`;

CREATE TABLE `countrys` (
  `country_id` int(10) unsigned NOT NULL AUTO_INCREMENT,
  `country` varchar(20) COLLATE utf8_unicode_ci NOT NULL,
  `num` int(11) NOT NULL,
  PRIMARY KEY (`country_id`)
) ENGINE=InnoDB AUTO_INCREMENT=9 DEFAULT CHARSET=utf8 COLLATE=utf8_unicode_ci;

/*Data for the table `countrys` */

insert  into `countrys`(`country_id`,`country`,`num`) values (1,'未知',0),(2,'大陆',11),(3,'香港',4),(4,'台湾',2),(5,'日本',3),(6,'韩国',1),(7,'欧美',23),(8,'其他',0);

/*Table structure for table `migrations` */

DROP TABLE IF EXISTS `migrations`;

CREATE TABLE `migrations` (
  `migration` varchar(255) COLLATE utf8_unicode_ci NOT NULL,
  `batch` int(11) NOT NULL
) ENGINE=InnoDB DEFAULT CHARSET=utf8 COLLATE=utf8_unicode_ci;

/*Data for the table `migrations` */

insert  into `migrations`(`migration`,`batch`) values ('2014_10_12_000000_create_users_table',1),('2014_10_12_100000_create_password_resets_table',1),('2017_07_12_100135_create_table_cats',1),('2017_07_15_125839_create_table_articles',1),('2017_07_18_214015_create_table_movies',1),('2017_07_18_221430_create_table_actors',1),('2017_07_18_222841_create_table_countrys',1),('2017_07_18_223930_create_table_types',1),('2017_07_18_224313_create_table_relations',1),('2017_07_18_225227_create_table_relation2s',1),('2017_08_06_122232_change_image_to_table_movies',2);

/*Table structure for table `movies` */

DROP TABLE IF EXISTS `movies`;

CREATE TABLE `movies` (
  `movie_id` int(10) unsigned NOT NULL AUTO_INCREMENT,
  `title` varchar(100) COLLATE utf8_unicode_ci NOT NULL,
  `movie_name` varchar(20) COLLATE utf8_unicode_ci NOT NULL DEFAULT '',
  `image` varchar(100) COLLATE utf8_unicode_ci NOT NULL DEFAULT '',
  `director` varchar(20) COLLATE utf8_unicode_ci NOT NULL DEFAULT '',
  `time` int(11) NOT NULL DEFAULT '0',
  `country` tinyint(4) NOT NULL DEFAULT '0',
  `another_name` varchar(20) COLLATE utf8_unicode_ci NOT NULL DEFAULT '',
  `intro` longtext COLLATE utf8_unicode_ci NOT NULL,
  `is_show` tinyint(4) NOT NULL DEFAULT '1',
  `is_hot` tinyint(4) NOT NULL DEFAULT '0',
  `created_at` timestamp NOT NULL DEFAULT '0000-00-00 00:00:00',
  `updated_at` timestamp NOT NULL DEFAULT '0000-00-00 00:00:00',
  PRIMARY KEY (`movie_id`)
) ENGINE=InnoDB AUTO_INCREMENT=45 DEFAULT CHARSET=utf8 COLLATE=utf8_unicode_ci;

/*Data for the table `movies` */

insert  into `movies`(`movie_id`,`title`,`movie_name`,`image`,`director`,`time`,`country`,`another_name`,`intro`,`is_show`,`is_hot`,`created_at`,`updated_at`) values (1,'2017年惊悚动作《一锤定音》BD中英双字幕','一锤定音','http://oth3ncpad.bkt.clouddn.com/image-1501992254802-NUQwQ181OTdGREJENzAuanBn.jpg','里克·罗曼·沃夫',2016,7,'Shot Caller','好男人雅各布坐了10年大牢，刑满获释后被迫参与黑帮枪支倒卖交易，否则家人危在旦夕。然而，10年的监狱磨练，却使他拥有问鼎黑帮老大宝座的实力……<h3 id=\"xiazai\" style=\"text-indent:0;\">下载地址</h3><div><a href=\"thunder://QUFmdHA6Ly95Z2R5ODp5Z2R5OEB5ZzQ1LmR5ZHl0dC5uZXQ6NzAyMS9bJUU5JTk4JUIzJUU1JTg1JTg5JUU3JTk0JUI1JUU1JUJEJUIxd3d3LnlnZHk4LmNvbV0uJUU0JUI4JTgwJUU5JTk0JUE0JUU1JUFFJTlBJUU5JTlGJUIzLkJELjcyMHAuJUU0JUI4JUFEJUU4JThCJUIxJUU1JThGJThDJUU1JUFEJTk3JUU1JUI5JTk1Lm1rdlpa\">[阳光电影www.ygdy8.com].一锤定音.BD.720p.中英双字幕.mkv</a></div>',1,1,'2017-08-06 12:07:45','2017-08-06 12:27:54'),(2,'2017年剧情战争《敌对区域》BD中英双字幕','敌对区域','http://oth3ncpad.bkt.clouddn.com/image-1501996422691.jpg','Adolfo Martinez Pere',2017,7,'Zona hostil','一架联合国医疗直升机在阿富汗的山区遭遇意外，附近的西班牙军队必须在天黑之前将他们救出塔利班武装的包围之中……\r\n<h3 id=\"xiazai\" style=\"text-indent:0;\">下载地址</h3><div><a href=\"thunder://QUFmdHA6Ly95Z2R5ODp5Z2R5OEB5ZzcyLmR5ZHl0dC5uZXQ6ODAzMS9bJUU5JTk4JUIzJUU1JTg1JTg5JUU3JTk0JUI1JUU1JUJEJUIxd3d3LnlnZHk4LmNvbV0uJUU2JTk1JThDJUU1JUFGJUI5JUU1JThDJUJBJUU1JTlGJTlGLkJELjcyMHAuJUU0JUI4JUFEJUU4JThCJUIxJUU1JThGJThDJUU1JUFEJTk3JUU1JUI5JTk1Lm1rdlpa\">敌对区域.BD.720p.中英双字幕.mkv</a></div>',1,1,'2017-08-06 13:17:47','2017-08-06 13:20:23'),(3,'2017年杨幂霍建华动作科幻《逆时营救》HD国语中字','逆时营救','http://oth3ncpad.bkt.clouddn.com/image-1501997079210.jpg','尹鸿承',2017,2,'Reset','单亲妈妈夏天（杨幂 饰）作为物理研究所的高级研究员，与所长共同研究出可使生物体穿越虫洞进行时间旅行的技术，当研究有了突破性进展时，儿子豆豆（张艺瀚 饰）却被神秘绑匪崔琥（霍建华 饰）绑架，为了挽救豆豆的生命，夏天冒险用未完成的粒子技术 返回1小时50分钟前，却令事情变得更加复杂，更遭遇到意想不到的困局：要去面对三个自己在时空旅行中的变异互博。而崔琥的背后故事也渐渐浮出水面……\r\n<h3 id=\"xiazai\" style=\"text-indent:0;\">下载地址</h3><div><a href=\"thunder://QUFmdHA6Ly95Z2R5ODp5Z2R5OEB5ZzQ1LmR5ZHl0dC5uZXQ6NzAyMC9bJUU5JTk4JUIzJUU1JTg1JTg5JUU3JTk0JUI1JUU1JUJEJUIxd3d3LnlnZHk4LmNvbV0uJUU5JTgwJTg2JUU2JTk3JUI2JUU4JTkwJUE1JUU2JTk1JTkxLkhELjcyMHAuJUU1JTlCJUJEJUU4JUFGJUFEJUU0JUI4JUFEJUU1JUFEJTk3Lm1rdlpa\">逆时营救.HD.720p.国语中字.mkv</a></div>',1,1,'2017-08-06 13:25:37','2017-08-06 13:25:37'),(4,'2015年高分获奖动作《师父/师傅》BD国语中字','师父','http://oth3ncpad.bkt.clouddn.com/image-1501997337257.jpg','徐浩峰',2015,2,'The Master','民国年间南派咏春传人陈识（廖凡 饰）来到天津，结识了天津武术泰斗郑山傲（金士杰 饰），为在武术界开馆立足，郑山傲建议陈识用教徒弟踢馆的传统方式达成目的。几经周折，陈识娶了一名天津绝色女子赵国卉（宋佳 饰）为妻，还收下了本地青年耿良辰（宋洋 饰）为徒代其踢馆，夫妻二人暂居 在贫民窟，防被踢馆的仇家前来寻仇。陈识与妻子原本看不上好斗好色的耿良辰，但接触后也发觉了耿良辰的可取之处。但随着第八家武馆邹馆长（蒋雯丽 饰）和军界人士林希文（黄觉 饰）的介入，天津武术界面临着一场巨变，靠武术复兴家业的愿望、对妻子的爱意，以及作为师父的责任，让陈识陷入了两难之境。<h3 id=\"xiazai\" style=\"text-indent:0;\">下载地址</h3><div><a href=\"thunder://QUFmdHA6Ly95Z2R5ODp5Z2R5OEB5ZzQ1LmR5ZHl0dC5uZXQ6ODAyMC9bJUU5JTk4JUIzJUU1JTg1JTg5JUU3JTk0JUI1JUU1JUJEJUIxd3d3LnlnZHk4LmNvbV0uJUU1JUI4JTg4JUU3JTg4JUI2LkJELjcyMHAuJUU1JTlCJUJEJUU4JUFGJUFEJUU0JUI4JUFEJUU1JUFEJTk3Lm1rdlpa\">师父.BD.720p.国语中字.mkv</a></div>',1,1,'2017-08-06 13:29:52','2017-08-06 13:29:52'),(5,'2017年悬疑惊悚《目击者之追凶》HD国语中字','目击者之追凶','http://oth3ncpad.bkt.clouddn.com/image-1501997563670.jpg','程伟豪',2017,4,'Who Killed Cock Robi','报社记者小齐，仕途顺遂，但是高压力与超忙碌的生活，使得女友开始抱怨这样的生活使得两个人更加疏离，而事实上与女同事有更进一步的暧昧关系的小齐，为了安抚女友，而来到美丽的民宿，想来一个自由无压力的旅程，没想到一切异象却开始发生，一连串的失控，使得小齐与所有人的关系有了巨大的震动，而此时，小齐意外的发现一桩深埋多年的秘密。如果你看见不该看的，是否有勇气说出来？如果揭发真相是一种正义，你愿意拿什么样的代价来换取？在追求真相的道路上，注定会迷路，因为，真相，也许不仅仅只是能看到的……<h3 id=\"xiazai\" style=\"text-indent:0;\">下载地址</h3><div><a href=\"thunder://QUFmdHA6Ly95Z2R5ODp5Z2R5OEB5ZzQ1LmR5ZHl0dC5uZXQ6NzAxOC9bJUU5JTk4JUIzJUU1JTg1JTg5JUU3JTk0JUI1JUU1JUJEJUIxd3d3LnlnZHk4LmNvbV0uJUU3JTlCJUFFJUU1JTg3JUJCJUU4JTgwJTg1JUU0JUI5JThCJUU4JUJGJUJEJUU1JTg3JUI2LkhELjcyMHAuJUU1JTlCJUJEJUU4JUFGJUFEJUU0JUI4JUFEJUU1JUFEJTk3Lm1rdlpa\">目击者之追凶.HD.720p.国语中字.mkv</a></div>',1,1,'2017-08-06 13:33:47','2017-08-06 13:35:11'),(6,'2017年获奖剧情《我心雀跃》HD国语中字','我心雀跃','http://oth3ncpad.bkt.clouddn.com/image-1501998256097.jpg','刘紫微',2017,2,'My Heart Leaps Up','高二女生刘唯唯（孙伊涵 饰）在学校结识了美术老师邹野（宋宁 饰），邹野独特的气质和举止让她第一次有了怦然心动的感觉，纵使这份藏不住的懵懂情愫无法抑制，青春期少女特有的大胆和自以为是让刘唯唯沉浸在自己想象中的感情互动里无法自拔……在那一年夏天，她就像一个闪亮的发光体，无所顾忌地去做自己喜欢的事，去爱自己喜欢的人。<h3 id=\"xiazai\" style=\"text-indent:0;\">下载地址</h3><div><a href=\"thunder://QUFmdHA6Ly95Z2R5ODp5Z2R5OEB5ZzcyLmR5ZHl0dC5uZXQ6ODAyOC9bJUU5JTk4JUIzJUU1JTg1JTg5JUU3JTk0JUI1JUU1JUJEJUIxd3d3LnlnZHk4LmNvbV0uJUU2JTg4JTkxJUU1JUJGJTgzJUU5JTlCJTgwJUU4JUI3JTgzLkhELjcyMHAuJUU1JTlCJUJEJUU4JUFGJUFEJUU0JUI4JUFEJUU1JUFEJTk3Lm1rdlpa\">我心雀跃.HD.720p.国语中字.mkv</a></div>',1,1,'2017-08-06 13:43:06','2017-08-06 13:45:55'),(7,'2017年奇幻动作《亚瑟王：斗兽争霸》BD中英双字幕','亚瑟王：斗兽争霸','http://oth3ncpad.bkt.clouddn.com/image-1501998577004.jpg','盖·里奇',2017,7,'King Arthur: Legend ','本片改编自亚瑟王圣剑的传说，剧情颠覆传统，一路探索亚瑟从市井到王座的征途。亚瑟的父亲在他小时候就惨遭杀害，亚瑟的叔叔伏提庚（裘德·洛 Jude Law 饰）篡取王位，剥夺了亚瑟（查理·汉纳姆 Charlie Hunnam 饰）的天赐之权。他浑然不知自己的身世，在城市的穷街陋巷里摸爬滚打着长大，但当他拔出石中剑，他的人生就彻底地天翻地覆了，亚瑟不得不接受自己真正的使命。 <h3 id=\"xiazai\" style=\"text-indent:0;\">下载地址</h3><div><a href=\"thunder://QUFmdHA6Ly95Z2R5ODp5Z2R5OEB5ZzQ1LmR5ZHl0dC5uZXQ6NzAxNy9bJUU5JTk4JUIzJUU1JTg1JTg5JUU3JTk0JUI1JUU1JUJEJUIxd3d3LnlnZHk4LmNvbV0uJUU0JUJBJTlBJUU3JTkxJTlGJUU3JThFJThCJUVGJUJDJTlBJUU2JTk2JTk3JUU1JTg1JUJEJUU0JUJBJTg5JUU5JTlDJUI4LkJELjcyMHAuJUU0JUI4JUFEJUU4JThCJUIxJUU1JThGJThDJUU1JUFEJTk3JUU1JUI5JTk1Lm1rdlpa\">亚瑟王：斗兽争霸.BD.720p.中英双字幕.mkv</a></div>',1,1,'2017-08-06 13:48:07','2017-08-06 13:50:19'),(8,'2016年高分获奖动画《你的名字。》BD日语中字','你的名字','http://oth3ncpad.bkt.clouddn.com/image-1501998836814.jpg','新海诚',2016,5,'君の名は','在远离大都会的小山村，住着巫女世家出身的高中女孩宫水三叶（上白石萌音 配音）。校园和家庭的原因本就让她充满烦恼，而近一段时间发生的奇怪事件，又让三叶摸不清头脑。不知从何时起，三叶在梦中就会变成一个住在东京的高中男孩。那里有陌生的同学和朋友，有亲切的前辈和繁华的街道，一切都是如此诱人而真实。另一方面，住在东京的高中男孩立花泷（神木隆之介 配音）则总在梦里来到陌生的小山村，以女孩子的身份过着全新的生活。许是受那颗神秘彗星的影响，立花和三叶在梦中交换了身份。他们以他者的角度体验着对方的人生，这期间有愤怒、有欢笑也有暖心。只是两人并不知道，身份交换的背后隐藏着重大而锥心的秘密……<h3 id=\"xiazai\" style=\"text-indent:0;\">下载地址</h3><div><a href=\"thunder://QUFmdHA6Ly95Z2R5ODp5Z2R5OEB5ZzQ1LmR5ZHl0dC5uZXQ6ODAxNi9bJUU5JTk4JUIzJUU1JTg1JTg5JUU3JTk0JUI1JUU1JUJEJUIxd3d3LnlnZHk4LmNvbV0uJUU0JUJEJUEwJUU3JTlBJTg0JUU1JTkwJThEJUU1JUFEJTk3JUUzJTgwJTgyLkJELjcyMHAuJUU2JTk3JUE1JUU4JUFGJUFEJUU0JUI4JUFEJUU1JUFEJTk3Lm1rdlpa\">你的名字。.BD.720p.日语中字.mkv</a></div>',1,1,'2017-08-06 13:52:51','2017-08-06 13:54:43'),(9,'2017年高分剧情战争《奥斯曼中尉》BD中英双字幕','奥斯曼中尉','http://oth3ncpad.bkt.clouddn.com/image-1501999021451.jpg','约瑟夫·鲁本',2017,7,'The Ottoman Lieutena','一战期间，一个理想主义的美国护士和一个土耳其军官的爱情故事。<h3 id=\"xiazai\" style=\"text-indent:0;\">下载地址</h3><div><a href=\"thunder://QUFmdHA6Ly95Z2R5ODp5Z2R5OEB5ZzQ1LmR5ZHl0dC5uZXQ6NzAxNi9bJUU5JTk4JUIzJUU1JTg1JTg5JUU3JTk0JUI1JUU1JUJEJUIxd3d3LnlnZHk4LmNvbV0uJUU1JUE1JUE1JUU2JTk2JUFGJUU2JTlCJUJDJUU0JUI4JUFEJUU1JUIwJTg5LkJELjcyMHAuJUU0JUI4JUFEJUU4JThCJUIxJUU1JThGJThDJUU1JUFEJTk3JUU1JUI5JTk1Lm1rdlpa\">奥斯曼中尉.BD.720p.中英双字幕.mkv</a></div>',1,1,'2017-08-06 13:58:51','2017-08-06 13:58:51'),(10,'2017年黄渤徐静蕾悬疑惊悚《记忆大师》HD国语中字','记忆大师','http://oth3ncpad.bkt.clouddn.com/image-1501999282666.jpg','陈正道 ',2017,2,'Battle of Memories','故事发生在2025年，因为和妻子张代晨（徐静蕾 饰）婚姻破裂，男主角江丰（黄渤 饰）走进记忆大师医疗中心接受手术，却不料手术失误记忆被错误重载，他莫名其妙变成了“杀人凶手”。警官沈汉强（段奕宏 饰）的穷追不舍让他逐渐发现，自己脑内的错误记忆不仅是破案的关键，更是救赎自己的唯一希望。与此同时，妻子身边出现的女人陈姗姗（杨子姗 饰）、记忆中浮现出的神秘女子（许玮甯 饰），似乎也和真相有着千丝万缕的联系，一场记忆烧脑战也随之开始。<h3 id=\"xiazai\" style=\"text-indent:0;\">下载地址</h3><div><a href=\"thunder://QUFmdHA6Ly95Z2R5ODp5Z2R5OEB5ZzQ1LmR5ZHl0dC5uZXQ6ODAxNS9bJUU2JTk3JUEwJUU2JTlFJTgxJUU3JTk0JUI1JUU1JUJEJUIxLXd3dy53dWppZHkuY29tXS4lRTglQUUlQjAlRTUlQkYlODYlRTUlQTQlQTclRTUlQjglODguSEQuNzIwcC4lRTUlOUIlQkQlRTglQUYlQUQlRTQlQjglQUQlRTUlQUQlOTcubWt2Wlo=\">记忆大师.HD.720p.国语中字.mkv</a></div>',1,1,'2017-08-06 14:02:14','2017-08-06 14:02:14'),(11,'2017年动作《无罪之城》HD国语中字','无罪之城','http://oth3ncpad.bkt.clouddn.com/image-1501999500826.jpg','尹晨阳',2017,2,'The Innocent City','电影是根据人气漫画《无罪之城》改编，讲述了国际金融大鳄索兰在太平洋的某处孤岛上建立了一座没有法律限制的“无罪之城”，众多被通缉的犯罪分子慕名前往，以求庇护。国际特种兵唐柯带着遣散罪犯的目的卧底无罪之城，然而在执行任务时，不幸落入索兰的圈套。唐柯用尽浑身解数从密室里逃生，却发现自己体内被注射毒剂，生命只剩下几小时，妻子被索兰杀害，女儿也被绑架，孤注一掷的唐柯因此踏上复仇之路。<h3 id=\"xiazai\" style=\"text-indent:0;\">下载地址</h3><div><a href=\"thunder://QUFmdHA6Ly95Z2R5ODp5Z2R5OEB5ZzQ1LmR5ZHl0dC5uZXQ6NzAxNS9bJUU2JTk3JUEwJUU2JTlFJTgxJUU3JTk0JUI1JUU1JUJEJUIxLXd3dy53dWppZHkuY29tXS4lRTYlOTclQTAlRTclQkQlQUElRTQlQjklOEIlRTUlOUYlOEUuSEQuNzIwcC4lRTUlOUIlQkQlRTglQUYlQUQlRTQlQjglQUQlRTUlQUQlOTcubWt2Wlo=\">无罪之城.HD.720p.国语中字.mkv</a></div>',1,1,'2017-08-06 14:05:43','2017-08-06 14:05:43'),(12,'2017年喜剧《三个老枪手/抢钱耆兵》BD中英双字幕','三个老枪手','http://oth3ncpad.bkt.clouddn.com/image-1501999691610.jpg','扎克·布拉夫',2017,7,'Going in Style','新版讲的是三个退休金被黑掉的老头儿携手抢银行的故事。<h3 id=\"xiazai\" style=\"text-indent:0;\">下载地址</h3><div><a href=\"thunder://QUFmdHA6Ly95Z2R5ODp5Z2R5OEB5ZzQ1LmR5ZHl0dC5uZXQ6ODAxNC9bJUU5JTk4JUIzJUU1JTg1JTg5JUU3JTk0JUI1JUU1JUJEJUIxd3d3LnlnZHk4LmNvbV0uJUU0JUI4JTg5JUU0JUI4JUFBJUU4JTgwJTgxJUU2JTlFJUFBJUU2JTg5JThCLkJELjcyMHAuJUU0JUI4JUFEJUU4JThCJUIxJUU1JThGJThDJUU1JUFEJTk3JUU1JUI5JTk1Lm1rdlpa\">三个老枪手.BD.720p.中英双字幕.mkv</a></div>',1,1,'2017-08-06 14:09:27','2017-08-06 14:09:27'),(13,'2017年布鲁斯·威利斯动作《首杀/第一枪》HD中英双字幕','首杀/第一枪','http://oth3ncpad.bkt.clouddn.com/image-1501999908062.jpg','史蒂芬·C·米勒',2017,7,'First Kill','威尔（海登·克里斯滕森 Hayden Christensen 饰）是一个成功的华尔街股票经纪人，为了修补他和儿子丹尼（Ty Shelton 饰）的关系，威尔带着自己的家人来到了自己成长的小屋度假。当威尔和丹尼在狩猎时，他们目睹了一起谋杀。好心的威尔把伤者带回了家并且医治了他，可是男子却绑架了丹尼，并要求威尔帮助他们把钱拿回来。而与此同时，警长（布鲁斯·威利斯 Bruce Willis 饰）也对此案十分感兴趣，而威尔的新指令便是帮助劫匪们躲避警长的追查……<h3 id=\"xiazai\" style=\"text-indent:0;\">下载地址</h3><div><a href=\"thunder://QUFmdHA6Ly95Z2R5ODp5Z2R5OEB5ZzQ1LmR5ZHl0dC5uZXQ6NzAxMy9bJUU5JTk4JUIzJUU1JTg1JTg5JUU3JTk0JUI1JUU1JUJEJUIxd3d3LnlnZHk4LmNvbV0uJUU5JUE2JTk2JUU2JTlEJTgwLkhELjcyMHAuJUU0JUI4JUFEJUU4JThCJUIxJUU1JThGJThDJUU1JUFEJTk3JUU1JUI5JTk1LnJtdmJaWg==\">首杀.HD.720p.中英双字幕.rmvb</a></div>',1,1,'2017-08-06 14:12:41','2017-08-06 14:12:41'),(14,'2017年黄磊海清喜剧《麻烦家族》HD国语中字','麻烦家族','http://oth3ncpad.bkt.clouddn.com/image-1502002163622.jpg','黄磊',2017,2,'What a Wonderful Fam','一对老夫妇结婚50周年前夕，丈夫问妻子想要什么生日礼物，得到的答案却是“离婚协议书”。老夫妻闹离婚的事件在家族里引起了轩然大波，家族中的每个人都借此事宣泄心中积攒的怨气，导致家里“乱成一团”。 <h3 id=\"xiazai\" style=\"text-indent:0;\">下载地址</h3><div><a href=\"thunder://QUFmdHA6Ly95Z2R5ODp5Z2R5OEB5ZzcyLmR5ZHl0dC5uZXQ6ODAxNy9bJUU5JTk4JUIzJUU1JTg1JTg5JUU3JTk0JUI1JUU1JUJEJUIxd3d3LnlnZHk4LmNvbV0uJUU5JUJBJUJCJUU3JTgzJUE2JUU1JUFFJUI2JUU2JTk3JThGLkhELjcyMHAuJUU1JTlCJUJEJUU4JUFGJUFEJUU0JUI4JUFEJUU1JUFEJTk3Lm1rdlpa\">麻烦家族.HD.720p.国语中字.mkv</a></div>',1,1,'2017-08-06 14:14:03','2017-08-06 14:50:01'),(15,'2017年高分获奖剧情《一念无明》HD粤语中字','一念无明','http://oth3ncpad.bkt.clouddn.com/image-1502000151444.jpg','黄进',2016,3,'Mad World','患有躁郁症的阿东（余文乐 饰）因为当年误杀饱受痛症折磨的妈妈（金燕玲 饰）被判入住青山医院，康复出院后住在当陆港司机的爸爸黄大海（曾志伟 饰）的板间房里。黄大海试图关心儿子，但阿东却并不领情，原来阿东一直对爸爸当年抛弃家庭的事耿耿于怀。阿东重投社会，却遭到身边的朋友歧视，唯然他尝试平复自己，同时阿东也想尽方法希望找回当天谈到近乎订婚的Jenny（方皓玟 饰），没想到当找到Jenny时，却有着另一番滋味。<h3 id=\"xiazai\" style=\"text-indent:0;\">下载地址</h3><div><a href=\"thunder://QUFmdHA6Ly95Z2R5ODp5Z2R5OEB5ZzQ1LmR5ZHl0dC5uZXQ6NzAxMi9bJUU5JTk4JUIzJUU1JTg1JTg5JUU3JTk0JUI1JUU1JUJEJUIxd3d3LnlnZHk4LmNvbV0uJUU0JUI4JTgwJUU1JUJGJUI1JUU2JTk3JUEwJUU2JTk4JThFLkhELjcyMHAuJUU3JUIyJUE0JUU4JUFGJUFEJUU0JUI4JUFEJUU1JUFEJTk3Lm1rdlpa\">一念无明.HD.720p.粤语中字.mkv</a></div>',1,1,'2017-08-06 14:16:39','2017-08-06 14:16:39'),(16,'2017年动作《共助/机密同盟/秘密任务》BD韩语中字','共助','http://oth3ncpad.bkt.clouddn.com/image-1502000317227.jpg','金成勋 ',2017,6,'Confidential Assignm','朝鲜一座国家秘密工厂对美元的仿制度超过了百分之九十九，朝鲜特种部队首长车奇成，在之前的行动失去了妻子，因而对国家产生不满，决定带领一众手下脱北出逃。并且在走之前要抢走工厂最宝贵的伪钞模板。车奇正的手下，一个行动小组的组长林哲令（玄彬饰）率领自己的组员，与车奇正一伙发生了激烈交火。最后除林哲令一人幸存，其余工人和保安人员全部被杀害，其中就包括林哲令的妻子。\r\n\r\n　　朝鲜军政高层下令必须将伪钞模板追回，而林哲令也下定决心天涯海角也要追杀车奇正为妻报仇。朝鲜情报部门得到情报，车奇正出逃之后，辗转中国几座城市最终逃到了韩国首尔。朝鲜军界高层借南北高层会谈之际，以随从身份带林哲令一同前往首尔，并通知韩国警方展开一次共助行动，一起抓捕车奇正。韩国警方对车奇正的真实身份和朝鲜官方的实际目的一无所知，于是派出打酱油的刑警姜镇泰(柳海真饰）协助林哲令，实则敷衍和监视朝方行动。此时车奇正和原朝鲜特种部队的手下已经全部偷渡到了首尔，敌强我弱力量对比悬殊，看似不可能完成的共助行动就此展开。<h3 id=\"xiazai\" style=\"text-indent:0;\">下载地址</h3><div><a href=\"thunder://QUFmdHA6Ly95Z2R5ODp5Z2R5OEB5ZzQ1LmR5ZHl0dC5uZXQ6ODAxMi9bJUU5JTk4JUIzJUU1JTg1JTg5JUU3JTk0JUI1JUU1JUJEJUIxd3d3LnlnZHk4LmNvbV0uJUU1JTg1JUIxJUU1JThBJUE5LkJELjcyMHAuJUU5JTlGJUE5JUU4JUFGJUFEJUU0JUI4JUFEJUU1JUFEJTk3Lm1rdlpa\">共助.BD.720p.韩语中字.mkv</a></div>',1,1,'2017-08-06 14:19:23','2017-08-06 14:19:23'),(17,'2017年剧情《台北物语》HD国语中字','台北物语','http://oth3ncpad.bkt.clouddn.com/image-1502000491672.jpg','黃英雄',2017,4,'Story of Taipei','　　议员酒后驾车，撞了开计程车的偷车贼。\r\n\r\n　　计程车上的女乘客在这场车祸认出了酒驾者是名政客，并识破了政客身旁的助理为第三者，她起了贪念，决定与偷车贼一起向议员索求500万的『封口费』。\r\n\r\n　　在取款的过程里，却惊爆了女乘客与议员妻子之间的医疗纠纷，同时也抖出了包商与政商勾搭的弊案，弊案里却也牵连到偷车贼与女助理过去的家庭。\r\n\r\n　　为什么包商会出现在车祸当中的后车厢里？是谋杀？绑架？还是另有隐情？议员与些这弊案是否有关连？<h3 id=\"xiazai\" style=\"text-indent:0;\">下载地址</h3><div><a href=\"thunder://QUFmdHA6Ly95Z2R5ODp5Z2R5OEB5ZzcyLmR5ZHl0dC5uZXQ6ODAyNi9bJUU5JTk4JUIzJUU1JTg1JTg5JUU3JTk0JUI1JUU1JUJEJUIxd3d3LnlnZHk4LmNvbV0uJUU1JThGJUIwJUU1JThDJTk3JUU3JTg5JUE5JUU4JUFGJUFELkhELjcyMHAuJUU1JTlCJUJEJUU4JUFGJUFEJUU0JUI4JUFEJUU1JUFEJTk3Lm1rdlpa\">台北物语.HD.720p.国语中字.mkv</a></div>',1,1,'2017-08-06 14:22:13','2017-08-06 14:22:13'),(18,'2017年剧情《忠爱无言/老人与狗》HD国语中字','忠爱无言','http://oth3ncpad.bkt.clouddn.com/image-1502000665929.jpg','谈宜之',2017,2,'Love Without Word','电影改编自真实事件。一场意外让老于（高强 饰）失去了双腿，漫长的余生都将在床上度过，母亲死后，老于由姐姐秋红（于月仙 饰）接手照顾。老于一直因为觉得自己拖累了母亲和姐姐而陷入自责的情绪之中，他潜心于设计一款能够载着他走出家门的交通工具，然而并没有人相信那复杂的图纸会转化成为实物。\r\n\r\n　　一次偶然中，一只可爱的拉布拉多犬在误打误撞之中来到了老于的家中，虽然口中常常抱怨这个小家伙不听话爱惹麻烦，但随着时间的推移，老于和小狗之间早已经建立了信赖和友谊。经过不懈的努力，老于的代步车终于完成了，小狗每天充当车夫的角色拉着老于来到镇上摆摊修电器，傍晚再拉着老于回家……<h3 id=\"xiazai\" style=\"text-indent:0;\">下载地址</h3><div><a href=\"thunder://QUFmdHA6Ly95Z2R5ODp5Z2R5OEB5ZzcyLmR5ZHl0dC5uZXQ6ODAyNS9bJUU5JTk4JUIzJUU1JTg1JTg5JUU3JTk0JUI1JUU1JUJEJUIxd3d3LnlnZHk4LmNvbV0uJUU1JUJGJUEwJUU3JTg4JUIxJUU2JTk3JUEwJUU4JUE4JTgwLkhELjcyMHAuJUU1JTlCJUJEJUU4JUFGJUFEJUU0JUI4JUFEJUU1JUFEJTk3Lm1rdlpa\">忠爱无言.HD.720p.国语中字.mkv</a></div>',1,1,'2017-08-06 14:24:59','2017-08-06 14:24:59'),(19,'2017年爱情剧情《我们停战吧》BD国粤双语中字','我们停战吧','http://oth3ncpad.bkt.clouddn.com/image-1502001302051.jpg','陆天华',2015,3,'The Merger','叶香香 (林熹瞳 饰) 的女儿叶家家 (汤怡 饰) 希望从明信中学里的华丽而又神秘之图书馆内，寻找亲生母亲生前的足迹；就在一次反对大集团拆迁此极具历史文物价值的图书馆大楼的抗争活动中，家家竟遇上了古华生 (林文龙 饰) 的爱徒陈家强 (谭耀文 饰) ；一连串凄美残酷的真相均偶发在这图书馆大楼内。家家揭发了自己的养母 (张文慈 饰) 竟是害死母亲爱人古华生的主要帮凶！爱恨交纒，一触即发。<h3 id=\"xiazai\" style=\"text-indent:0;\">下载地址</h3><div><a href=\"thunder://QUFmdHA6Ly95Z2R5ODp5Z2R5OEB5ZzcyLmR5ZHl0dC5uZXQ6ODAyNC9bJUU5JTk4JUIzJUU1JTg1JTg5JUU3JTk0JUI1JUU1JUJEJUIxd3d3LnlnZHk4LmNvbV0uJUU2JTg4JTkxJUU0JUJCJUFDJUU1JTgxJTlDJUU2JTg4JTk4JUU1JTkwJUE3LkJELjcyMHAuJUU1JTlCJUJEJUU3JUIyJUE0JUU1JThGJThDJUU4JUFGJUFEJUU0JUI4JUFEJUU1JUFEJTk3Lm1rdlpa\">我们停战吧.BD.720p.国粤双语中字.mkv</a></div>',1,1,'2017-08-06 14:37:11','2017-08-06 14:37:11'),(20,'2017年科幻动作《攻壳机动队真人版》BD中英双字幕','攻壳机动队','http://oth3ncpad.bkt.clouddn.com/image-150200157525.jpg','鲁伯特·桑德斯',2017,7,'Ghost in the Shell','近未来，人类的各种器官均可实现移植，一时间机器人、生化人、仿生人充斥世间，与人类真假莫辨。某座繁华都市的大厦内，汉卡公司高管正与非洲来宾洽谈业务，突然宴会变成血腥大屠杀，暴走的机器人大开杀戒。隶属公安九课的米拉·基里安少佐（斯嘉丽·约翰逊 Scarlett Johansson 饰）带领巴特（皮鲁·埃斯贝克 Pilou Asb?k 饰）等手下赶往现场，平息事态。根据对暴走艺伎机器人的调查发现，被称作“久世”的神秘之人策划了这一系列的行动，而且他的目标全部指向了掌握着生化前沿尖端科技的汉卡公司及其研发人员。经过一番凶险的周旋，少佐逐渐逼近真相，同时也渐渐解开了发生在自己身上的惊天秘密……<h3 id=\"xiazai\" style=\"text-indent:0;\">下载地址</h3><div><a href=\"thunder://QUFmdHA6Ly95Z2R5ODp5Z2R5OEB5ZzcyLmR5ZHl0dC5uZXQ6ODAyMi9bJUU5JTk4JUIzJUU1JTg1JTg5JUU3JTk0JUI1JUU1JUJEJUIxd3d3LnlnZHk4LmNvbV0uJUU2JTk0JUJCJUU1JUEzJUIzJUU2JTlDJUJBJUU1JThBJUE4JUU5JTk4JTlGLkJELjcyMHAuJUU0JUI4JUFEJUU4JThCJUIxJUU1JThGJThDJUU1JUFEJTk3JUU1JUI5JTk1Lm1rdlpa\">攻壳机动队.BD.720p.中英双字幕.mkv</a></div>',1,1,'2017-08-06 14:40:38','2017-08-06 14:40:38'),(21,'2017年动作《速度与激情8》国英双语.BD中英双字幕','速度与激情8','http://oth3ncpad.bkt.clouddn.com/image-1502001838028.jpg','F·加里·格雷',2017,7,'The Fate of the Furi','多米尼克（范·迪塞尔 Vin Diesel 饰）与莱蒂（米歇尔·罗德里格兹 Michelle Rodriguez 饰）共度蜜月，布莱恩与米娅退出了赛车界，这支曾环游世界的顶级飞车家族队伍的生活正渐趋平淡。然而，一位神秘女子Cipher（查理兹·塞隆 Charlize T heron 饰）的出现，令整个队伍卷入信任与背叛的危机，面临前所未有的考验。 <h3 id=\"xiazai\" style=\"text-indent:0;\">下载地址</h3><div><a href=\"thunder://QUFmdHA6Ly95Z2R5ODp5Z2R5OEB5ZzM3LmR5ZHl0dC5uZXQ6NzA0My9bJUU5JTk4JUIzJUU1JTg1JTg5JUU3JTk0JUI1JUU1JUJEJUIxd3d3LnlnZHk4LmNvbV0uJUU5JTgwJTlGJUU1JUJBJUE2JUU0JUI4JThFJUU2JUJGJTgwJUU2JTgzJTg1OC5CRC43MjBwLiVFNSU5QiVCRCVFOCU4QiVCMSVFNSU4RiU4QyVFOCVBRiVBRC4lRTQlQjglQUQlRTglOEIlQjElRTUlOEYlOEMlRTUlQUQlOTclRTUlQjklOTUubWt2Wlo=\">速度与激情8.BD.720p.国英双语.中英双字幕.mkv</a></div>',1,1,'2017-08-06 14:45:13','2017-08-06 14:45:13'),(22,'2017年动作《金刚：骷髅岛》国英双语.BD中英双字幕','金刚：骷髅岛','http://oth3ncpad.bkt.clouddn.com/image-1502002512762.jpg','乔丹·沃格特-罗伯茨',2017,7,'Kong: Skull Island','上世纪70年代，一支集结了科考队员、探险家、战地摄影记者、军人的探险队，冒险前往南太平洋上的神秘岛屿——骷髅岛。他们的到来惊扰了岛上之神——史上最大金刚。经过一番惨烈的激战之后，探险队员散落在了岛屿各处。此时，队员们才意识到这次探险并不是一次单纯的科考任务，而是去探索怪兽存在的证明。\r\n　　在这片与世隔绝、危险密布的丛林，无数怪异的史前生物暗藏其中，时刻威胁着他们的生命。队员们还遇到了神秘的原始部落，金刚的身世和其守护岛屿的原因也被逐渐揭开，原来，恐怖阴森的骷髅岛上还蛰伏着更凶狠残暴的怪兽……<h3 id=\"xiazai\" style=\"text-indent:0;\">下载地址</h3><div><a href=\"thunder://QUFmdHA6Ly95Z2R5ODp5Z2R5OEB5MjE5LmR5ZHl0dC5uZXQ6NzAwOS9bJUU5JTk4JUIzJUU1JTg1JTg5JUU3JTk0JUI1JUU1JUJEJUIxd3d3LnlnZHk4LmNvbV0uJUU5JTg3JTkxJUU1JTg4JTlBJUVGJUJDJTlBJUU5JUFBJUI3JUU5JUFCJTg1JUU1JUIyJTlCLkJELjcyMHAuJUU1JTlCJUJEJUU4JThCJUIxJUU1JThGJThDJUU4JUFGJUFELiVFNCVCOCVBRCVFOCU4QiVCMSVFNSU4RiU4QyVFNSVBRCU5NyVFNSVCOSU5NS5ta3ZaWg\">金刚：骷髅岛.BD.720p.国英双语.中英双字幕.mkv</a></div>',1,1,'2017-08-06 14:55:51','2017-08-06 14:55:51'),(23,'2017年科幻动作《超凡战队》BD中英双字幕','超凡战队','http://oth3ncpad.bkt.clouddn.com/image-1502002757054.jpg','迪恩·以色列特',2017,7,'Power Rangers','五个在校园被孤立的高中生，因为青春的荷尔蒙面临着许许多多的烦恼与迷茫。同时，黑暗势力丽达女王正蠢蠢欲动，为了寻找更多能量打造金人怪兽哥达来到地球。五名青少年命中注定地相遇，团结克服难关成为五色超凡战队，与他们的恐龙佐德人机合一雷霆出击拯救世界，毁天灭地一触即发……<h3 id=\"xiazai\" style=\"text-indent:0;\">下载地址</h3><div><a href=\"thunder://QUFmdHA6Ly95Z2R5ODp5Z2R5OEB5MjE5LmR5ZHl0dC5uZXQ6ODI4Mi9bJUU5JTk4JUIzJUU1JTg1JTg5JUU3JTk0JUI1JUU1JUJEJUIxd3d3LnlnZHk4LmNvbV0uJUU4JUI2JTg1JUU1JTg3JUExJUU2JTg4JTk4JUU5JTk4JTlGLkJELjcyMHAuJUU0JUI4JUFEJUU4JThCJUIxJUU1JThGJThDJUU1JUFEJTk3JUU1JUI5JTk1Lm1rdlpa\">超凡战队.BD.720p.中英双字幕.mkv</a></div>',1,1,'2017-08-06 15:00:10','2017-08-06 15:00:10'),(24,'2017年科幻惊悚《异星觉醒/外星生命》BD中英双字幕','异星觉醒','http://oth3ncpad.bkt.clouddn.com/image-1502003021699.jpg','丹尼尔·伊斯皮诺萨',2017,7,'Life','几位漂浮在空间站的宇航员们发现了一个来自火星的“神秘样本”，这个样本其实就是他们一直在找寻的高智能“智慧生命体”。它不仅集肌细胞、神经细胞于一体，更拥有超强大脑，能够进行超能进化。但却不知其体内竟然暗藏巨大的杀机，导致整个空间站都弥漫着死亡的气息，人类的命运也危在旦夕。<h3 id=\"xiazai\" style=\"text-indent:0;\">下载地址</h3><div><a href=\"thunder://QUFmdHA6Ly95Z2R5ODp5Z2R5OEB5Zzc3LmR5ZHl0dC5uZXQ6ODAxOC9bJUU5JTk4JUIzJUU1JTg1JTg5JUU3JTk0JUI1JUU1JUJEJUIxd3d3LnlnZHk4LmNvbV0uJUU1JUJDJTgyJUU2JTk4JTlGJUU4JUE3JTg5JUU5JTg2JTkyLkJELjcyMHAuJUU0JUI4JUFEJUU4JThCJUIxJUU1JThGJThDJUU1JUFEJTk3JUU1JUI5JTk1Lm1rdlpa\">异星觉醒.BD.720p.中英双字幕.mkv</a></div>',1,1,'2017-08-06 15:04:20','2017-08-06 15:04:20'),(25,'2017年邓超彭于晏赵丽颖《乘风破浪》BD国语中字','乘风破浪','http://oth3ncpad.bkt.clouddn.com/image-1502003203372.jpg','韩寒',2017,2,'Duck weed','赛车手阿浪（邓超 饰）一直对父亲（彭于晏 饰）反对自己的赛车事业耿耿于怀，在向父亲证明自己的过程中，阿浪却意外卷入了一场奇妙的冒险。他在这段经历中结识了一群兄弟好友，一同闯过许多奇幻的经历，也对自己的身世有了更多的了解。<h3 id=\"xiazai\" style=\"text-indent:0;\">下载地址</h3><div><a href=\"thunder://QUFmdHA6Ly95Z2R5ODp5Z2R5OEB5MjE5LmR5ZHl0dC5uZXQ6ODI3Ni9bJUU5JTk4JUIzJUU1JTg1JTg5JUU3JTk0JUI1JUU1JUJEJUIxd3d3LnlnZHk4LmNvbV0uJUU0JUI5JTk4JUU5JUEzJThFJUU3JUEwJUI0JUU2JUI1JUFBLkJELjcyMHAuJUU1JTlCJUJEJUU4JUFGJUFEJUU0JUI4JUFEJUU1JUFEJTk3Lm1rdlpa\">乘风破浪.BD.720p.国语中字.mkv</a></div>',1,1,'2017-08-06 15:07:35','2017-08-06 15:07:35'),(26,'2017年高分动作《疾速特攻/疾速追杀2》BD中英双字幕','疾速特攻','http://oth3ncpad.bkt.clouddn.com/image-1502003445953.jpg','查德·史塔赫斯基',2017,7,'John Wick: Chapter T','狮门影业官方正式宣布《疾速追杀》续集启动，原作双导演大卫·雷奇和查德·斯塔尔斯基以及编剧德里克·科尔斯塔均回归续集制作。狮门制片贾森·康斯坦丁的声明中指出主演基努·里维斯确认回归，并会带给观众“更加兴奋的第二次冒险”。<h3 id=\"xiazai\" style=\"text-indent:0;\">下载地址</h3><div><a href=\"thunder://QUFmdHA6Ly95Z2R5ODp5Z2R5OEB5Zzc3LmR5ZHl0dC5uZXQ6NzAxNC9bJUU5JTk4JUIzJUU1JTg1JTg5JUU3JTk0JUI1JUU1JUJEJUIxd3d3LnlnZHk4LmNvbV0uJUU3JTk2JUJFJUU5JTgwJTlGJUU3JTg5JUI5JUU2JTk0JUJCLkJELjcyMHAuJUU0JUI4JUFEJUU4JThCJUIxJUU1JThGJThDJUU1JUFEJTk3JUU1JUI5JTk1Lm1rdlpa\">疾速特攻.BD.720p.中英双字幕.mkv</a></div>',1,1,'2017-08-06 15:11:43','2017-08-06 15:11:43'),(27,'2017年科幻动作《金刚狼3：殊死一战》BD中英双字幕','金刚狼3：殊死一战','http://oth3ncpad.bkt.clouddn.com/image-1502003689274.jpg','詹姆斯·曼高德',2017,7,'Logan','故事发生在2029年，彼时，X战警早已经解散，作为为数不多的仅存的变种人，金刚狼罗根（休·杰克曼 Hugh Jackman 饰）和卡利班（斯戴芬·莫昌特 Stephen Merchant 饰）照顾着年迈的X教授（帕特里克·斯图尔特 Patrick Stewart 饰），由于衰老，X教授已经丧失了对于自己超能力的控制，如果不依赖药物，他的超能力就会失控，在全球范围内制造无法挽回的灾难。不仅如此，金刚狼的自愈能力亦随着时间的流逝逐渐减弱，体能和力量都早已经大不如从前。\r\n　　某日，一位陌生女子找到了金刚狼，将一个名为劳拉（达芙妮·基恩 Dafne Keen 饰）的女孩托付给他，嘱咐他将劳拉送往位于加拿大边境的“伊甸园”。让罗根没有想到的是，劳拉竟然是被植入了自己的基因而培养出的人造变种人，而在传说中的伊甸园里，有着一群和劳拉境遇相似的孩子。邪恶的唐纳德（波伊德·霍布鲁克 Boyd Holbrook 饰）紧紧的追踪着罗根一行人的踪迹，他的目标只有一个，就是将那群人造变种人彻底毁灭。<h3 id=\"xiazai\" style=\"text-indent:0;\">下载地址</h3><div><a href=\"thunder://QUFmdHA6Ly95Z2R5ODp5Z2R5OEB5ZzQyLmR5ZHl0dC5uZXQ6NzAyMy9bJUU5JTk4JUIzJUU1JTg1JTg5JUU3JTk0JUI1JUU1JUJEJUIxd3d3LnlnZHk4LmNvbV0uJUU5JTg3JTkxJUU1JTg4JTlBJUU3JThCJUJDMy5CRC43MjBwLiVFNCVCOCVBRCVFOCU4QiVCMSVFNSU4RiU4QyVFNSVBRCU5NyVFNSVCOSU5NS5ta3ZaWg==\">金刚狼3.BD.720p.中英双字幕.mkv</a></div>',1,1,'2017-08-06 15:15:29','2017-08-06 15:15:29'),(28,'2016年高分动画《声之形》BD日语中字','声之形','http://oth3ncpad.bkt.clouddn.com/image-1502003910254.jpg','山田尚子',2016,5,'The Shape of Voice','作品讲述有听觉障碍的少女西宫硝子和曾经伤害过她的少年石田将也的故事。<h3 id=\"xiazai\" style=\"text-indent:0;\">下载地址</h3><div><a href=\"thunder://QUFmdHA6Ly95Z2R5ODp5Z2R5OEB5MjE5LmR5ZHl0dC5uZXQ6ODI2Ni9bJUU5JTk4JUIzJUU1JTg1JTg5JUU3JTk0JUI1JUU1JUJEJUIxd3d3LnlnZHk4LmNvbV0uJUU1JUEzJUIwJUU0JUI5JThCJUU1JUJEJUEyLkJELjcyMHAuJUU2JTk3JUE1JUU4JUFGJUFEJUU0JUI4JUFEJUU1JUFEJTk3Lm1rdlpa\">声之形.BD.720p.日语中字.mkv</a></div>',1,1,'2017-08-06 15:21:32','2017-08-06 15:21:32'),(29,'2017年奇幻《美女与野兽》国英双语.BD中英双字幕','美女与野兽','http://oth3ncpad.bkt.clouddn.com/image-1502004239062.jpg','比尔·康顿',2017,7,'Beauty and the Beast','贝儿（艾玛·沃森 Emma Watson 饰）和小镇上的其他女孩不同，是一个热爱阅读和幻想的姑娘，孔武有力英俊强壮的加斯顿（卢克·伊万斯 Luke Evans 饰）发誓要娶贝儿为妻，但贝儿却一眼看穿了他的自私和虚伪，拒不从命。某日，贝儿的父亲莫里斯（凯文·克莱恩 Kevin Kline 饰）迷路误打误撞之下来到了一座荒凉破败的城堡中，那里居住着样貌可怖半人半兽的野兽（丹·史蒂文斯 Dan Stevens 饰）。\r\n\r\n　　因为偷摘了城堡里种植的玫瑰，莫里斯被野兽囚禁了起来，得知此消息的贝儿赶到城堡，要求和父亲作交换。就这样，贝儿开始了和野兽的同居生活。在会说话的茶壶太太（艾玛·汤普森 Emma Thompson 饰）、烛台卢米亚（伊万·麦克格雷格 Ewan McGregor 饰）和时钟葛士华（伊恩·麦克莱恩 Ian McKellen 饰）的照顾和帮助下，贝儿渐渐发现，野兽在丑陋的外表下，隐藏了一颗善良温柔的心。实际上，野兽的真实身份是一位王子，因受到了女巫的诅咒而沦落至此，而贝儿，是解除诅咒最后的，也是唯一的希望。<h3 id=\"xiazai\" style=\"text-indent:0;\">下载地址</h3><div><a href=\"thunder://QUFmdHA6Ly95Z2R5ODp5Z2R5OEB5Zzc3LmR5ZHl0dC5uZXQ6NzAwOS9bJUU5JTk4JUIzJUU1JTg1JTg5JUU3JTk0JUI1JUU1JUJEJUIxd3d3LnlnZHk4LmNvbV0uJUU3JUJFJThFJUU1JUE1JUIzJUU0JUI4JThFJUU5JTg3JThFJUU1JTg1JUJELkJELjcyMHAuJUU1JTlCJUJEJUU4JThCJUIxJUU1JThGJThDJUU4JUFGJUFELiVFNCVCOCVBRCVFOCU4QiVCMSVFNSU4RiU4QyVFNSVBRCU5NyVFNSVCOSU5NS5ta3ZaWg==\">美女与野兽.BD.720p.国英双语.中英双字幕.mkv</a></div>',1,1,'2017-08-06 15:24:49','2017-08-06 15:24:49'),(30,'2017年范伟喜剧《有完没完/生于四月一日》HD国语中字','有完没完','http://oth3ncpad.bkt.clouddn.com/image-1502004449429.jpg','王啸坤',2017,2,'You Wan Mei Wan','生于愚人节的老范（范伟 饰）是一个典型的草根直男，离异多年的他干着一份平凡的快递员工作，身边带着一个二次元性格的儿子小范（刘俊昊饰），爷俩生活美满，无奈囊中羞涩。这一年老范的生日过得很悲催：丢了客户的包裹被老板（范湉湉 饰）索赔，遭到彩票店老板（孔连顺 饰）嘲笑，得罪了广场舞一哥（Mike隋 饰）被恶搞，迟送了奇葩客户（薛之谦 饰）的情书导致人家跳楼，在儿子班主任（贾静雯 饰）面前吹牛沦为笑柄，目睹小痞子（宋阳 饰）仗势欺人，想要打抱不平却临阵退缩落得个两面三刀的恶评……更让他没有料到的是，老天故意跟他开了个巨大的玩笑：他的人生意外陷入了“死循环”，困在同一天里出不来。\r\n\r\n　　身处日复一日的时间困境，老范从情绪沮丧到突破自我，在迷之男子（林更新 饰）的指点之下，开启了“花式自救”模式，体验人生的千姿百态，一步步进化为让人刮目相看的“一日赢家”。<h3 id=\"xiazai\" style=\"text-indent:0;\">下载地址</h3><div><a href=\"thunder://QUFmdHA6Ly95Z2R5ODp5Z2R5OEB5ZzQyLmR5ZHl0dC5uZXQ6NzAyMC9bJUU5JTk4JUIzJUU1JTg1JTg5JUU3JTk0JUI1JUU1JUJEJUIxd3d3LnlnZHk4LmNvbV0uJUU2JTlDJTg5JUU1JUFFJThDJUU2JUIyJUExJUU1JUFFJThDLkhELjcyMHAuJUU1JTlCJUJEJUU4JUFGJUFEJUU0JUI4JUFEJUU1JUFEJTk3Lm1rdlpa\">有完没完.HD.720p.国语中字.mkv</a></div>',1,1,'2017-08-06 15:28:15','2017-08-06 15:28:15'),(31,'2017年动作喜剧《西游伏妖篇》BD国粤双语中字','西游伏妖篇','http://oth3ncpad.bkt.clouddn.com/image-1502004698868.jpg','徐克',2017,3,'Journey to the West','历经千辛万苦，唐僧（吴亦凡 饰）、孙悟空（林更新 饰）、猪八戒（杨一威 饰）、沙僧（巴特尔 饰）这支取经团队朝着最终的目标持续前进，然而这一过程中他们不仅忍饥挨饿，还矛盾频生，似乎随时都有分裂的危险。尤其法师念念不忘死去的段小姐（舒淇 饰），而这件事也成为他和悟空之间矛盾和争吵的根源。在摆脱了蜘蛛精的纠缠后，师徒四人来至充满童趣的比丘国。比丘国王（包贝尔 饰）精神错乱，如同孩子般喜怒无常。国师九宫真人（姚晨 饰）将师徒迎进王宫，虽百般叮咛，却仍引出不少的乱子，甚至还揪出了藏在宫中的狡猾妖怪。\r\n  \r\n　　冒险仍在继续，师徒间的危机一触即发……<h3 id=\"xiazai\" style=\"text-indent:0;\">下载地址</h3><div><a href=\"thunder://QUFmdHA6Ly95Z2R5ODp5Z2R5OEB5MjE5LmR5ZHl0dC5uZXQ6OTI2OC9bJUU5JTk4JUIzJUU1JTg1JTg5JUU3JTk0JUI1JUU1JUJEJUIxd3d3LnlnZHk4LmNvbV0uJUU4JUE1JUJGJUU2JUI4JUI4JUU0JUJDJThGJUU1JUE2JTk2JUU3JUFGJTg3LkJELjcyMHAuJUU1JTlCJUJEJUU3JUIyJUE0JUU1JThGJThDJUU4JUFGJUFEJUU0JUI4JUFEJUU1JUFEJTk3Lm1rdlpa\">西游伏妖篇.BD.720p.国粤双语中字.mkv</a></div>',1,1,'2017-08-06 15:32:35','2017-08-06 15:32:35'),(32,'2017年成龙动作喜剧《功夫瑜伽》BD国语中字','功夫瑜伽','http://oth3ncpad.bkt.clouddn.com/image-1502004935532.jpg','唐季礼',2017,2,'Kung Fu Yoga','考古学教授Jack（成龙 饰）多年没有踏出学校，校长和学生都对他添油加醋的历史半信半疑。一次授课后，一个印度女孩找到Jack，用一张千年地图吸引了Jack的目光。于是Jack和挚友的儿子李琼斯（李治廷 饰）、助教小光（张艺兴 饰）组成“寻宝小分队”，为“神秘宝石”展开冒险，在迪拜和土豪飙车，在冰岛潜入神秘冰穴，在印度大战土狼，和印度贵族斗舞，动作喜剧再升级，打笑全世界。<h3 id=\"xiazai\" style=\"text-indent:0;\">下载地址</h3><div><a href=\"thunder://QUFmdHA6Ly95Z2R5ODp5Z2R5OEB5Zzc3LmR5ZHl0dC5uZXQ6NzAwMi9bJUU5JTk4JUIzJUU1JTg1JTg5JUU3JTk0JUI1JUU1JUJEJUIxd3d3LnlnZHk4LmNvbV0uJUU1JThBJTlGJUU1JUE0JUFCJUU3JTkxJTlDJUU0JUJDJUJELkJELjcyMHAuJUU1JTlCJUJEJUU4JUFGJUFEJUU0JUI4JUFEJUU1JUFEJTk3Lm1rdlpa\">功夫瑜伽.BD.720p.国语中字.mkv</a></div>',1,1,'2017-08-06 15:36:30','2017-08-06 15:36:30'),(33,'2017年喜剧《一条狗的使命》BD中英双字幕','一条狗的使命','http://oth3ncpad.bkt.clouddn.com/image-1502005140446.jpg','莱塞·霍尔斯道姆',2017,7,'A Dog\'s Purpose','影片以汪星人的视角展现狗狗和人类的微妙情感，一只狗狗陪伴小主人长大成人，甚至为他追到了女朋友，后来它年迈死去又转世投胎变成其他性别和类型的汪，第二次轮回狗狗变成了警犬威风凛凛，再次转轮回，又成了陪伴一位单身女青年的小柯基犬。在经历了多次轮回之后，最终回到最初的主人身边。<h3 id=\"xiazai\" style=\"text-indent:0;\">下载地址</h3><div><a href=\"thunder://QUFmdHA6Ly95Z2R5ODp5Z2R5OEB5ZzczLmR5ZHl0dC5uZXQ6ODAwNy9bJUU5JTk4JUIzJUU1JTg1JTg5JUU3JTk0JUI1JUU1JUJEJUIxd3d3LnlnZHk4LmNvbV0uJUU0JUI4JTgwJUU2JTlEJUExJUU3JThCJTk3JUU3JTlBJTg0JUU0JUJEJUJGJUU1JTkxJUJELkJELjcyMHAuJUU0JUI4JUFEJUU4JThCJUIxJUU1JThGJThDJUU1JUFEJTk3JUU1JUI5JTk1Lm1rdlpa\">一条狗的使命.BD.720p.中英双字幕.mkv</a></div>',1,1,'2017-08-06 15:39:58','2017-08-06 15:39:58'),(34,'2016年动作《蝙蝠侠大战超人：正义黎明》BD国英双语.中英双字','蝙蝠侠大战超人：正义黎明','http://oth3ncpad.bkt.clouddn.com/image-1502005406671.jpg','扎克·施奈德',2016,7,'Batman v Superman: D','故事发生在大都会之战18个月后，在那场战斗中许多建筑和市民惨遭波及。因为超人（亨利·卡维尔 饰）帮助人类解决了很多问题而被当做神来膜拜，但超人也因与佐德之战对城市造成的破坏而遭到逮捕和审讯，一度成为都市传说的蝙蝠侠韦恩（本·阿弗莱克 饰）重新出现在人们面前，他似乎正是为了惩罚超人而来。年轻的富豪莱克斯·卢瑟（杰西·艾森伯格 饰）又在二者的矛盾中挑拨离间，神秘的戴安娜·普林斯（盖尔·加朵 饰）也因自己的目的介入其中……<h3 id=\"xiazai\" style=\"text-indent:0;\">下载地址</h3><div><a href=\"thunder://QUFmdHA6Ly95Z2R5ODp5Z2R5OEB5MTUzLmR5ZHl0dC5uZXQ6ODI1OS9bJUU5JTk4JUIzJUU1JTg1JTg5JUU3JTk0JUI1JUU1JUJEJUIxd3d3LnlnZHk4LmNvbV0uJUU4JTlEJTk5JUU4JTlEJUEwJUU0JUJFJUEwJUU1JUE0JUE3JUU2JTg4JTk4JUU4JUI2JTg1JUU0JUJBJUJBJUVGJUJDJTlBJUU2JUFEJUEzJUU0JUI5JTg5JUU5JUJCJThFJUU2JTk4JThFLkJELjcyMHAuJUU1JTlCJUJEJUU4JThCJUIxJUU1JThGJThDJUU4JUFGJUFELiVFNCVCOCVBRCVFOCU4QiVCMSVFNSU4RiU4QyVFNSVBRCU5NyVFNSVCOSU5NS5ta3ZaWg==\">蝙蝠侠大战超人：正义黎明.BD.720p.国英双语.中英双字幕.mkv</a></div>',1,1,'2017-08-06 15:44:05','2017-08-06 15:44:05'),(35,'2016年届奥斯卡最佳外语片《推销员》BD中文字幕','推销员','http://oth3ncpad.bkt.clouddn.com/image-1502005580428.jpg','阿斯哈·法哈蒂',2016,7,'The Salesman','尹麦德（沙哈布·侯赛尼 Shahab Hosseini 饰）是学校里教授文学的老师，同时，他和妻子蕾娜（塔兰涅·阿里多斯蒂 Taraneh Alidoosti 饰）一起在剧团里表演话剧，夫妻两人感情十分深厚。某日，两人所住的房子成为了危楼，随时都有倒塌的危险，无奈之下， 尹麦德和蕾娜只得临时找了另一个住所，匆匆入住。\r\n\r\n　　某日，蕾娜提前回到家中，不想遭到了陌生男子的袭击晕倒在浴室之中，愤怒的尹麦德根据罪犯遗漏的车钥匙找到了一辆小货车，一路尾随至面包店。最终，尹麦德找到了罪魁祸首，却发现这个本性并不邪恶的老头，当时亦只是一念之差走错了路，并且对自己的所作所为充满了愧疚。尹麦德要求对方在自己的妻子和儿子面前坦白罪行，没想到却酿成了所有人都无法承受的惨痛后果。<br><h3 id=\"xiazai\" style=\"text-indent:0;\">下载地址</h3><div><a href=\"thunder://QUFmdHA6Ly95Z2R5ODp5Z2R5OEB5ZzQyLmR5ZHl0dC5uZXQ6ODAwMi9bJUU5JTk4JUIzJUU1JTg1JTg5JUU3JTk0JUI1JUU1JUJEJUIxd3d3LnlnZHk4LmNvbV0uJUU2JThFJUE4JUU5JTk0JTgwJUU1JTkxJTk4LkJELjcyMHAuJUU0JUI4JUFEJUU2JTk2JTg3JUU1JUFEJTk3JUU1JUI5JTk1Lm1rdlpa\">推销员.BD.720p.中文字幕.mkv</a></div>',1,1,'2017-08-06 15:47:08','2017-08-06 15:47:08'),(36,'2017年动作喜剧《大闹天竺》HD国语中字','大闹天竺','http://oth3ncpad.bkt.clouddn.com/image-1502005782748.jpg','王宝强',2017,2,'BuddiesinIndia','盛唐集团总裁唐宗突然离世并留下遗训，让他的儿子唐森（白客 饰）在穷小子武空（王宝强 饰）的陪同下前往印度寻找遗嘱。在印度巧遇自恋臭美却又忠诚的朱天鹏（岳云鹏 饰），以及美丽性感却深藏秘密的美女吴静（柳岩 饰），四人兜兜转转竟结为同盟，而最令四人不解的是为何这次取遗嘱之旅凶险重重，危机四伏，并且遗嘱之所以放在印度，更是隐藏着秘密。<h3 id=\"xiazai\" style=\"text-indent:0;\">下载地址</h3><div><a href=\"thunder://QUFmdHA6Ly95Z2R5ODp5Z2R5OEB5MTUzLmR5ZHl0dC5uZXQ6ODI1OC9bJUU5JTk4JUIzJUU1JTg1JTg5JUU3JTk0JUI1JUU1JUJEJUIxd3d3LnlnZHk4LmNvbV0uJUU1JUE0JUE3JUU5JTk3JUI5JUU1JUE0JUE5JUU3JUFCJUJBLkhELjEwODBwLiVFNSU5QiVCRCVFOCVBRiVBRCVFNCVCOCVBRCVFNSVBRCU5Ny5tcDRaWg==\">大闹天竺.HD.1080p.国语中字.mp4</a></div>',1,1,'2017-08-06 15:50:33','2017-08-06 15:50:33'),(37,'2016年科幻喜剧《怪兽卡车》BD中英双字幕','怪兽卡车','http://oth3ncpad.bkt.clouddn.com/image-1502005964943.jpg','克里斯·韦奇',2016,7,'Monster Trucks','影片讲述了卢卡斯饰演的高中生打算组装一辆卡车准备出出风头，但是报废车辆的零件哪有那么好用。这是，小镇上出现了一个类似章鱼的大怪兽，不知道从哪里来，但是这头怪兽竟然能躲进卢卡斯的卡车里，并且和卡车融为一体，就这样，卢卡斯拥有了惊世骇俗的怪兽卡车，去到哪里都是如履平地、所向披靡。<h3 id=\"xiazai\" style=\"text-indent:0;\">下载地址</h3><div><a href=\"thunder://QUFmdHA6Ly95Z2R5ODp5Z2R5OEB5ZzQyLmR5ZHl0dC5uZXQ6ODAwMy9bJUU5JTk4JUIzJUU1JTg1JTg5JUU3JTk0JUI1JUU1JUJEJUIxd3d3LnlnZHk4LmNvbV0uJUU2JTgwJUFBJUU1JTg1JUJEJUU1JThEJUExJUU4JUJEJUE2LkJELjcyMHAuJUU0JUI4JUFEJUU4JThCJUIxJUU1JThGJThDJUU1JUFEJTk3JUU1JUI5JTk1Lm1rdlpa\">怪兽卡车.BD.720p.中英双字幕.mkv</a></div>',1,1,'2017-08-06 15:53:29','2017-08-06 15:53:29'),(38,'2016年科幻动作《星球大战外传：侠盗一号》BD中英双字幕','星球大战外传：侠盗一号','http://oth3ncpad.bkt.clouddn.com/image-1502006165834.jpg','加里斯·爱德华斯',2016,7,'Rogue One: A Star Wa','这是一个战火频燃、纷争不断的动荡时代，一群有志之士集结在一起，计划盗走帝国大规模杀伤性武器“死星”的设计图。这个在《星球大战》系列里非常著名的重点事件 ，让一群平凡普通人结成了同盟，决定为世界的改变做出贡献；而在绝密行动的进行中，他们也逐渐成长为顶天立地的英雄。<h3 id=\"xiazai\" style=\"text-indent:0;\">下载地址</h3><div><a href=\"thunder://QUFmdHA6Ly95Z2R5ODp5Z2R5OEB5MTUzLmR5ZHl0dC5uZXQ6OTIxOC9bJUU5JTk4JUIzJUU1JTg1JTg5JUU3JTk0JUI1JUU1JUJEJUIxd3d3LnlnZHk4LmNvbV0uJUU2JTk4JTlGJUU3JTkwJTgzJUU1JUE0JUE3JUU2JTg4JTk4JUU1JUE0JTk2JUU0JUJDJUEwJUVGJUJDJTlBJUU0JUJFJUEwJUU3JTlCJTk3JUU0JUI4JTgwJUU1JThGJUI3LkJELjcyMHAuJUU0JUI4JUFEJUU4JThCJUIxJUU1JThGJThDJUU1JUFEJTk3JUU1JUI5JTk1Lm1rdlpa\">星球大战外传：侠盗一号.BD.720p.中英双字幕.mkv</a></div>',1,1,'2017-08-06 15:57:02','2017-08-06 15:57:02'),(39,'2016年梁朝伟金城武杨颖《摆渡人》BD国粤双语中字','摆渡人','http://oth3ncpad.bkt.clouddn.com/image-1502006398312.jpg','张嘉佳',2016,3,'See You Tomorrow','　　摆渡人是城市里的超级英雄，摆渡就是把人从痛苦中解救出来。用快乐和温暖，抵抗这个世界的悲伤。\r\n\r\n　　酒吧老板陈末（梁朝伟 饰）和合伙人管春（金城武 饰）就是这座城市的“金牌摆渡人”，他们平时看起来吊儿郎当，却从不对每位需要帮助的人说拒绝，只要你“预约摆渡”，刀山火海都会“使命必达”。邻居女孩小玉（杨颖 饰）为了偶像马力（陈奕迅 饰），预约了他们的服务，但在帮助小玉挑战整个城市的过程中，陈末和管春也逐渐发现了自己躲不过的问题。从欢天喜地的生活，到惊天动地的疯狂，摆渡人最辉煌的篇章，从这里开启。<h3 id=\"xiazai\" style=\"text-indent:0;\">下载地址</h3><div><a href=\"thunder://QUFmdHA6Ly95Z2R5ODp5Z2R5OEB5MTUzLmR5ZHl0dC5uZXQ6OTIyMi9bJUU5JTk4JUIzJUU1JTg1JTg5JUU3JTk0JUI1JUU1JUJEJUIxd3d3LnlnZHk4LmNvbV0uJUU2JTkxJTg2JUU2JUI4JUExJUU0JUJBJUJBLkJELjcyMHAuJUU1JTlCJUJEJUU3JUIyJUE0JUU1JThGJThDJUU4JUFGJUFEJUU0JUI4JUFEJUU1JUFEJTk3Lm1rdlpa\">摆渡人.BD.720p.国粤双语中字.mkv</a></div>',1,1,'2017-08-06 16:00:52','2017-08-06 16:00:52'),(40,'2016年科幻动作《刺客信条》BD中英双字幕','刺客信条','http://oth3ncpad.bkt.clouddn.com/image-1502006599349.jpg','贾斯汀·库泽尔',2016,7,'Assassin\'s Creed','卡勒姆·林奇（迈克尔·法斯宾德 饰）在死刑即将执行之前清醒过来，发现他被索菲娅（玛丽昂·歌迪亚 饰）选中，来参加一个能让人类摆脱暴力冲动的计划。虚拟现实机器Animus能让用户体验祖先的记忆，被绑在机器上之后，卡勒姆·林奇意识到他是生活在西班牙宗教法庭时期一位刺客阿圭拉的后裔，他们寻找的是可以控制自由意志的伊甸园苹果。索菲娅在父亲艾伦（杰瑞米·艾恩斯 饰）施加的压力下不情愿地操纵着卡勒姆·林奇回到过去寻找伊甸园苹果在现代世界的下落，威胁着他身体和心理的健康。但在杀手同行穆萨（迈克尔·威廉姆斯 饰）暗示了卡勒姆·林奇，提醒他艾伦有可能动机不纯之后，卡勒姆·林奇开始重新考虑他的行为和动机，而人类自由意志的命运也变得悬而未决……<h3 id=\"xiazai\" style=\"text-indent:0;\">下载地址</h3><div><a href=\"thunder://QUFmdHA6Ly95Z2R5ODp5Z2R5OEB5MjE5LmR5ZHl0dC5uZXQ6OTI1Ny9bJUU5JTk4JUIzJUU1JTg1JTg5JUU3JTk0JUI1JUU1JUJEJUIxd3d3LnlnZHk4LmNvbV0uJUU1JTg4JUJBJUU1JUFFJUEyJUU0JUJGJUExJUU2JTlEJUExLkJELjcyMHAuJUU0JUI4JUFEJUU4JThCJUIxJUU1JThGJThDJUU1JUFEJTk3JUU1JUI5JTk1Lm1rdlpa\">刺客信条.BD.720p.中英双字幕.mkv</a></div>',1,1,'2017-08-06 16:04:09','2017-08-06 16:04:09'),(41,'2016年科幻冒险《太空旅客》BD中英双字幕','太空旅客','http://oth3ncpad.bkt.clouddn.com/image-1502006797963.jpg','莫滕·泰杜姆',2016,7,'Passengers','吉姆（克里斯·普拉特 Chris Pratt 饰）是阿瓦隆号飞船上的一位工薪阶层旅客，在飞船前往太空殖民地家园2号的120年旅途中，因一次意外，他从冷冻睡眠中醒来。发现自己有可能要在这艘巨船上独自度过89年，吉姆试着重新入睡，但最终只能在安置了5000个同行人员的睡眠舱中孤独生活，处于自杀边缘的吉姆绝望中孤注一掷，于是，他唤醒了一名女乘客奥罗拉（詹妮弗·劳伦斯 Jennifer Lawrence 饰），两人在相处的期间产生了爱情的火花。而当飞船的操作系统瘫痪，这对情侣面临着更大的问题，生命受到威胁的不仅仅是他们自己，也包括同行的旅伴，和航行本身。<h3 id=\"xiazai\" style=\"text-indent:0;\">下载地址</h3><div><a href=\"thunder://QUFmdHA6Ly95Z2R5ODp5Z2R5OEB5ZzgwLmR5ZHl0dC5uZXQ6ODAxMS9bJUU5JTk4JUIzJUU1JTg1JTg5JUU3JTk0JUI1JUU1JUJEJUIxd3d3LnlnZHk4LmNvbV0uJUU1JUE0JUFBJUU3JUE5JUJBJUU2JTk3JTg1JUU1JUFFJUEyLkJELjcyMHAuJUU0JUI4JUFEJUU4JThCJUIxJUU1JThGJThDJUU1JUFEJTk3JUU1JUI5JTk1Lm1rdlpa\">太空旅客.BD.720p.中英双字幕.mkv</a></div>',1,1,'2017-08-06 16:07:22','2017-08-06 16:07:22'),(42,'2016年7.8分获奖科幻动作《奇异博士》BD中英双字幕','奇异博士','http://oth3ncpad.bkt.clouddn.com/image-1502007106554.jpg','斯科特·德瑞克森',2016,7,'Doctor Strange','斯特兰奇博士（本尼迪克特·康伯巴奇 Benedict Cumberbatch 饰）是一名外科手术医生，他拥有着高超的智商和精湛的技艺，是医院乃至整个医学界的传奇人物。某一日，斯特兰奇博士遭遇了一场可怕的车祸，尽管保住了双手，但这双手伤痕累累不住颤抖，这也就意味着，他再也不能拿起手术刀，站在无影灯下了。\r\n　　斯特兰奇博士的生活就此失去了意义陷入了绝望之中，他决定远赴尼泊尔，寻找传说中能够治愈他双手的神秘力量。在尼泊尔，风尘仆仆的斯特兰奇博士拜入了神秘的古一法师（蒂尔达·斯文顿 Tilda Swinton 饰）门下，成为了其弟子，与此同时，古一法师曾经的弟子卡西利亚斯（麦斯·米科尔森 饰）亦在虎视眈眈，企图完成他获得永生的大业。<h3 id=\"xiazai\" style=\"text-indent:0;\">下载地址</h3><div><a href=\"thunder://QUFmdHA6Ly95Z2R5ODp5Z2R5OEB5MjE5LmR5ZHl0dC5uZXQ6ODIzNi9bJUU5JTk4JUIzJUU1JTg1JTg5JUU3JTk0JUI1JUU1JUJEJUIxd3d3LnlnZHk4LmNvbV0uJUU1JUE1JTg3JUU1JUJDJTgyJUU1JThEJTlBJUU1JUEzJUFCLkJELjcyMHAuJUU0JUI4JUFEJUU4JThCJUIxJUU1JThGJThDJUU1JUFEJTk3JUU1JUI5JTk1Lm1rdlpa\">奇异博士.BD.720p.中英双字幕.mkv</a></div>',1,1,'2017-08-06 16:12:46','2017-08-06 16:12:46'),(43,'2016年动画《蜡笔小新：梦境世界大突击》BD国粤日三语中字','蜡笔小新：梦境世界大突击','http://oth3ncpad.bkt.clouddn.com/image-1502007326770.jpg','高橋渉',2016,5,'Crayon Shin-chan: Fa','故事发生在梦的世界里。剧团一人从很早之前就一直对“梦”非常感兴趣，这次他将“梦”选为作品的主题，要为观众们展现出“梦”不可思议的魅力。在本作中，小新立志要改变一名少女的命运，并且拼命帮助朋友。\r\n<h3 id=\"xiazai\" style=\"text-indent:0;\">下载地址</h3><div><a href=\"thunder://QUFmdHA6Ly95Z2R5ODp5Z2R5OEB5MjE5LmR5ZHl0dC5uZXQ6OTIzOS9bJUU5JTk4JUIzJUU1JTg1JTg5JUU3JTk0JUI1JUU1JUJEJUIxd3d3LnlnZHk4LmNvbV0uJUU4JTlDJUExJUU3JUFDJTk0JUU1JUIwJThGJUU2JTk2JUIwJUVGJUJDJTlBJUU2JUEyJUE2JUU1JUEyJTgzJUU0JUI4JTk2JUU3JTk1JThDJUU1JUE0JUE3JUU3JUFBJTgxJUU1JTg3JUJCLkJELjcyMHAuJUU2JTk3JUE1JUU1JTlCJUJEJUU3JUIyJUE0JUU0JUI4JTg5JUU4JUFGJUFEJUU0JUI4JUFEJUU1JUFEJTk3Lm1rdlpa\">蜡笔小新：梦境世界大突击.BD.720p.日国粤三语中字.mkv</a></div>',1,1,'2017-08-06 16:16:06','2017-08-06 16:16:06'),(44,'2016年7.7分奇幻剧情《怪物召唤》HD中英双字幕','怪物召唤','http://oth3ncpad.bkt.clouddn.com/image-1502007491448.jpg','胡安·安东尼奥·巴亚纳',2016,7,'A Monster Calls','自从妈妈进行化疗开始，少年康纳就每天晚上都做噩梦。梦中总是漆黑阴暗的天气，狂风大作，尖叫声和无论怎么努力都不能紧握的双手让他倍受折磨。他总是做着同样内容的噩梦，直到有一天家里出现了一个不速之客，拥有古老气息的恶魔对康纳说它是由他召唤而来，它要以三个故事交换一个康纳自己真实的故事。康纳并不害怕恶魔，因为他在面对的事——最心爱的妈妈正一步步走向死亡，这是更加恐怖的事情。夜晚让康纳感觉诡异，而他白天的生活也十分难熬。康纳的爸爸离开了他们母子，前来照料他们生活的外婆又与康纳相处的不甚愉快。除此之外，他还必须忍受学校里那些惨淡的日子——老师们夸张的同情以及同学的霸凌。渐渐的，康纳发现恶魔每晚出现的时间都存在一定规律，并且它所讲的意义不明的故事似乎都隐喻着什么，它究竟是死神的使者，还是康纳所期待的出现的奇迹？而康纳一直不愿意与恶魔兑现的故事，其实是他内心深处最黑暗的秘密……<h3 id=\"xiazai\" style=\"text-indent:0;\">下载地址</h3><div><a href=\"thunder://QUFmdHA6Ly95Z2R5ODp5Z2R5OEB5MTUzLmR5ZHl0dC5uZXQ6OTE5OS9bJUU5JTk4JUIzJUU1JTg1JTg5JUU3JTk0JUI1JUU1JUJEJUIxd3d3LnlnZHk4LmNvbV0uJUU2JTgwJUFBJUU3JTg5JUE5JUU1JThGJUFDJUU1JTk0JUE0LkhELjcyMHAuJUU0JUI4JUFEJUU4JThCJUIxJUU1JThGJThDJUU1JUFEJTk3JUU1JUI5JTk1LnJtdmJaWg\">怪物召唤.HD.720p.中英双字幕.rmvb</a></div>',1,1,'2017-08-06 16:18:52','2017-08-06 16:18:52');

/*Table structure for table `password_resets` */

DROP TABLE IF EXISTS `password_resets`;

CREATE TABLE `password_resets` (
  `email` varchar(255) COLLATE utf8_unicode_ci NOT NULL,
  `token` varchar(255) COLLATE utf8_unicode_ci NOT NULL,
  `created_at` timestamp NOT NULL DEFAULT '0000-00-00 00:00:00',
  KEY `password_resets_email_index` (`email`),
  KEY `password_resets_token_index` (`token`)
) ENGINE=InnoDB DEFAULT CHARSET=utf8 COLLATE=utf8_unicode_ci;

/*Data for the table `password_resets` */

/*Table structure for table `relation2s` */

DROP TABLE IF EXISTS `relation2s`;

CREATE TABLE `relation2s` (
  `relation2_id` int(10) unsigned NOT NULL AUTO_INCREMENT,
  `movie_id` int(11) NOT NULL,
  `actor_id` int(11) NOT NULL,
  PRIMARY KEY (`relation2_id`)
) ENGINE=InnoDB AUTO_INCREMENT=116 DEFAULT CHARSET=utf8 COLLATE=utf8_unicode_ci;

/*Data for the table `relation2s` */

insert  into `relation2s`(`relation2_id`,`movie_id`,`actor_id`) values (1,1,1),(2,1,2),(3,1,3),(4,2,4),(5,3,5),(6,3,6),(7,4,7),(8,4,8),(9,4,9),(10,5,10),(11,5,11),(12,6,12),(13,6,13),(14,6,14),(15,7,15),(16,7,16),(17,8,17),(18,8,18),(19,9,19),(20,9,20),(21,10,21),(22,10,22),(23,11,23),(24,12,24),(25,12,25),(26,12,26),(27,13,27),(28,13,28),(30,15,29),(31,15,30),(32,15,31),(33,16,32),(34,16,33),(35,17,34),(36,17,35),(37,18,36),(38,18,37),(39,19,38),(40,19,39),(41,20,40),(42,20,41),(43,20,42),(44,21,43),(45,21,44),(46,21,45),(47,21,46),(48,14,47),(49,14,48),(50,14,49),(51,22,50),(52,22,51),(53,22,52),(54,22,53),(55,23,54),(56,23,55),(57,24,56),(58,24,57),(59,25,58),(60,25,59),(61,25,60),(62,26,61),(63,26,62),(64,27,63),(65,27,64),(66,27,65),(67,28,66),(68,28,67),(69,29,68),(70,29,69),(71,29,70),(72,30,71),(73,30,72),(74,30,73),(75,31,74),(76,31,75),(77,31,76),(78,32,77),(79,32,78),(80,32,79),(81,33,80),(82,33,81),(83,33,82),(84,34,83),(85,34,84),(86,34,85),(87,35,86),(88,35,87),(89,36,88),(90,36,89),(91,36,90),(92,36,91),(93,36,21),(94,37,92),(95,37,93),(96,38,94),(97,38,95),(98,38,96),(99,39,97),(100,39,98),(101,39,99),(102,40,100),(103,40,101),(104,40,102),(105,41,103),(106,41,104),(107,41,105),(108,42,106),(109,42,107),(110,42,108),(111,43,109),(112,43,110),(113,44,111),(114,44,112),(115,44,113);

/*Table structure for table `relations` */

DROP TABLE IF EXISTS `relations`;

CREATE TABLE `relations` (
  `relation_id` int(10) unsigned NOT NULL AUTO_INCREMENT,
  `movie_id` int(11) NOT NULL,
  `type_id` int(11) NOT NULL,
  PRIMARY KEY (`relation_id`)
) ENGINE=InnoDB AUTO_INCREMENT=104 DEFAULT CHARSET=utf8 COLLATE=utf8_unicode_ci;

/*Data for the table `relations` */

insert  into `relations`(`relation_id`,`movie_id`,`type_id`) values (1,1,1),(2,1,2),(3,1,4),(5,2,1),(6,2,10),(7,3,2),(8,3,3),(9,4,1),(10,4,2),(11,5,4),(12,5,11),(13,6,1),(14,7,2),(15,7,5),(16,7,7),(19,8,1),(20,8,8),(21,8,12),(22,9,1),(23,9,10),(24,10,1),(25,10,4),(26,10,11),(27,11,2),(28,12,6),(29,13,2),(30,13,4),(31,15,1),(32,16,2),(33,17,1),(34,18,1),(35,19,1),(36,19,12),(37,20,2),(38,20,3),(39,21,2),(40,14,1),(41,14,6),(42,22,2),(43,22,5),(44,22,7),(45,23,2),(46,23,3),(47,23,7),(48,24,3),(49,24,4),(50,25,1),(51,25,6),(52,26,2),(53,26,4),(54,27,1),(55,27,2),(56,27,3),(57,28,1),(58,28,8),(59,28,12),(60,29,5),(61,29,12),(62,30,1),(63,30,6),(64,31,2),(65,31,5),(66,31,6),(67,32,3),(68,32,6),(69,32,7),(70,33,1),(71,33,6),(72,34,2),(73,34,3),(74,34,5),(75,34,7),(76,35,1),(77,35,11),(78,36,2),(79,36,6),(80,36,7),(81,37,2),(82,37,3),(83,37,6),(84,37,7),(85,38,2),(86,38,3),(87,38,7),(88,39,6),(89,39,12),(90,40,2),(91,40,3),(92,40,7),(93,40,9),(94,41,3),(95,41,7),(96,42,2),(97,42,3),(98,42,5),(99,42,7),(100,43,6),(101,43,8),(102,44,1),(103,44,5);

/*Table structure for table `types` */

DROP TABLE IF EXISTS `types`;

CREATE TABLE `types` (
  `type_id` int(10) unsigned NOT NULL AUTO_INCREMENT,
  `type` varchar(10) COLLATE utf8_unicode_ci NOT NULL,
  `num` int(11) NOT NULL,
  PRIMARY KEY (`type_id`)
) ENGINE=InnoDB AUTO_INCREMENT=13 DEFAULT CHARSET=utf8 COLLATE=utf8_unicode_ci;

/*Data for the table `types` */

insert  into `types`(`type_id`,`type`,`num`) values (1,'剧情',19),(2,'动作',20),(3,'科幻',12),(4,'惊悚',6),(5,'奇幻',7),(6,'喜剧',11),(7,'冒险',11),(8,'动画',3),(9,'历史',1),(10,'战争',2),(11,'悬疑',3),(12,'爱情',5);

/*Table structure for table `users` */

DROP TABLE IF EXISTS `users`;

CREATE TABLE `users` (
  `id` int(10) unsigned NOT NULL AUTO_INCREMENT,
  `name` varchar(255) COLLATE utf8_unicode_ci NOT NULL,
  `email` varchar(255) COLLATE utf8_unicode_ci NOT NULL,
  `password` varchar(60) COLLATE utf8_unicode_ci NOT NULL,
  `remember_token` varchar(100) COLLATE utf8_unicode_ci DEFAULT NULL,
  `created_at` timestamp NOT NULL DEFAULT '0000-00-00 00:00:00',
  `updated_at` timestamp NOT NULL DEFAULT '0000-00-00 00:00:00',
  PRIMARY KEY (`id`),
  UNIQUE KEY `users_email_unique` (`email`)
) ENGINE=InnoDB AUTO_INCREMENT=2 DEFAULT CHARSET=utf8 COLLATE=utf8_unicode_ci;

/*Data for the table `users` */

insert  into `users`(`id`,`name`,`email`,`password`,`remember_token`,`created_at`,`updated_at`) values (1,'mickey135','1291601987@qq.com','$2y$10$flu/bX2l9fffrItSUfWaperJIrCADajLB3s2pYibN57iGYb0zzmZa','iyCRAQsf8vhAbCps4fFdVKD6Qb7SUDTx3cjBIDuB4q1aNZzODWkvkLJ71rdC','2017-08-03 18:33:15','2017-08-16 13:47:06');

/*!40101 SET SQL_MODE=@OLD_SQL_MODE */;
/*!40014 SET FOREIGN_KEY_CHECKS=@OLD_FOREIGN_KEY_CHECKS */;
/*!40014 SET UNIQUE_CHECKS=@OLD_UNIQUE_CHECKS */;
/*!40111 SET SQL_NOTES=@OLD_SQL_NOTES */;
